Dni,Nombre,Apellido,ObraSocial,Celular,Telefono,fechaTurno
48363884, Yelle , Mangum ,Italiano,+54(694)00544404,+54(281)58280388,24/6/2014
38852827, Herwald , Farrow ,Aleman,+54(964)57494174,+54(990)07947352,20/1/2020
38852821, Armgard , Sauls ,Aleman,+54(828)72588267,+54(045)16451284,25/5/2014
38852819, Wigmar , Roney ,Aleman,+54(253)47313679,+54(378)28430717,16/5/2014
34452826, Galatus , Bean ,Aleman,+54(775)31960527,+54(059)67107347,12/10/2016
24266560, Bringfriede , Mancuso ,Aleman,+54(370)00809554,+54(923)11131337,26/7/2019
24266556, Dajana , Malloy ,Italiano,+54(103)05220249,+54(260)85871313,20/11/2013
24266554, Terenz , Beach ,OSDE,+54(177)64510277,+54(481)34818671,1/7/2019
24266553, Domenik , Malley ,OSDE,+54(119)35403112,+54(525)65063831,30/1/2020
23302835, Fabrizius , Coon ,IOSFA,+54(808)43728925,+54(480)56628849,22/6/2020
18902839, Ilsabe , Cope ,OSDE,+54(451)54208108,+54(545)16694194,12/11/2019
18902838, Merita , Rose ,Espanyol,+54(754)14065272,+54(148)88180260,21/1/2020
10242585, Hulda , Oliveira ,Italiano,+54(054)87147146,+54(282)86303641,28/4/2016
